"Churn_Probability","Actual_Churn"
0.435506537495505,"No"
0.566959203970515,"Yes"
0.0205094835419964,"No"
0.0223099445931493,"No"
0.346818960384666,"Yes"
0.0650552951906519,"No"
0.215009340284438,"No"
0.446390695425245,"No"
0.53184901769931,"Yes"
0.578509803500463,"Yes"
0.337110685248718,"No"
0.0450348518901171,"No"
0.430286175380511,"No"
0.596009919946991,"Yes"
0.221319736577161,"No"
0.33127437154932,"No"
0.0056995343000138,"No"
0.261260869846313,"No"
0.0634224131721743,"No"
0.662238387469888,"Yes"
0.0193414470334422,"No"
0.0767177877930172,"Yes"
0.137691210723489,"No"
0.000855985062693132,"No"
0.0310896786874251,"No"
0.0156212567543629,"No"
0.597666121257872,"No"
0.639440014227543,"Yes"
0.00562313862984865,"No"
0.133312153114281,"No"
0.664035570635503,"No"
0.469717579201726,"Yes"
0.0013427819750339,"No"
0.00304803408458654,"No"
0.0016874823671128,"No"
0.0505823816110333,"No"
0.439756074500742,"No"
0.0271310310822328,"No"
0.00113583430032627,"No"
0.0171253658767324,"No"
0.107878792359657,"Yes"
0.575264365600173,"Yes"
0.51074938796607,"Yes"
0.0923804217565022,"No"
0.686655848881784,"Yes"
0.504955358806397,"No"
0.196194587727579,"No"
0.253726422675297,"No"
0.00746313870539939,"No"
0.303751078343039,"Yes"
0.40960148031835,"No"
0.0290375863061151,"No"
0.0856515846889676,"No"
0.292221662212787,"No"
0.618688011742727,"Yes"
0.275722896220671,"No"
0.0478530998921888,"No"
0.43489532127537,"Yes"
0.319716998206397,"No"
0.535342197120032,"Yes"
0.0481909344430831,"No"
0.00416041094120589,"No"
0.00203590567754341,"Yes"
0.0262996142717239,"No"
0.409438553183896,"Yes"
0.424571117353904,"No"
0.368776365562858,"Yes"
0.343281415156849,"Yes"
0.0324674715099773,"No"
0.711521507176503,"No"
0.00632045907363676,"No"
0.00272101281880044,"No"
0.58692641731536,"No"
0.00154181234004935,"No"
0.365614695859552,"No"
0.103917203830559,"No"
0.790550079802926,"No"
0.191853640931027,"No"
0.0127410790097879,"No"
0.318616265185726,"No"
0.0283543477363102,"No"
0.4035818496758,"No"
0.00765966749280578,"No"
0.1865571281804,"No"
0.55091267543009,"No"
0.0103956467240591,"Yes"
0.461557870734691,"No"
0.340924490538268,"No"
0.297023790571314,"No"
0.391507121061971,"Yes"
0.00407648889012491,"No"
0.494435429520941,"Yes"
0.137761432223522,"No"
0.243456349096895,"No"
0.580751411716503,"Yes"
0.686546368960888,"Yes"
0.311592274692166,"Yes"
0.323798211619327,"No"
0.699876797511323,"Yes"
0.0244077260984017,"No"
0.655151483251705,"Yes"
0.0669005795082415,"No"
0.751989989388934,"Yes"
0.172853280352387,"No"
0.391129933550867,"Yes"
0.519921368822799,"Yes"
0.0777320080821424,"No"
0.657802115670046,"No"
0.323983496883596,"No"
0.291607450916389,"Yes"
0.0618457674576907,"No"
0.0658118621248932,"No"
0.215251884984158,"No"
0.0592407521692553,"No"
0.00981846413857579,"No"
0.0242780252094216,"No"
0.109808947343337,"Yes"
0.244230871160073,"No"
0.0987653493725763,"Yes"
0.234081491773285,"No"
0.0213560975059073,"No"
0.0124344097355379,"No"
0.302942347283465,"No"
0.00216332837502031,"No"
0.048248388441028,"No"
0.268677721132045,"No"
0.216133049263749,"No"
0.248744550337523,"No"
0.480751852112394,"No"
0.0912434408406568,"No"
0.664700327429483,"Yes"
0.117685893822688,"Yes"
0.18704312893786,"No"
0.656325446356132,"Yes"
0.261220099651591,"Yes"
0.424007335183319,"Yes"
0.262601293179056,"No"
0.614590965395262,"No"
0.00704037642639976,"No"
0.239546581296803,"No"
0.401056699657596,"No"
0.00860657924189379,"No"
0.0635762725352389,"No"
0.504623163785025,"Yes"
0.467969159290218,"Yes"
0.0111623117396454,"No"
0.310455921004967,"No"
0.412074896871674,"No"
0.212075156726844,"No"
0.0824542882487508,"No"
0.00349651963762498,"No"
0.121193254038886,"No"
0.633119551711313,"No"
0.190631681710349,"No"
0.723026975300156,"Yes"
0.440944374415615,"No"
0.191297465875856,"Yes"
0.00552443277635917,"No"
0.0405060561546191,"No"
0.678249722459228,"Yes"
0.048238859614223,"No"
0.599659024329797,"Yes"
0.382639306726473,"No"
0.194851826277407,"No"
0.174383706464405,"No"
0.294134284474294,"Yes"
0.0544286099752573,"No"
0.344308141454841,"No"
0.0438863291961501,"No"
0.0178985901988955,"No"
0.0253719800675477,"No"
0.207631150760655,"Yes"
0.0285977183227969,"No"
0.644167513630955,"Yes"
0.715608073311111,"Yes"
0.21464892674255,"No"
0.430797659042603,"No"
0.175685217320753,"No"
0.302835529462754,"Yes"
0.543947294095496,"Yes"
0.170085526160984,"No"
0.482005313565568,"No"
0.0616403517358062,"No"
0.564138646158622,"No"
0.00546943638109421,"No"
0.13538601227413,"No"
0.449015519082005,"No"
0.193622139588866,"No"
0.409949513766176,"No"
0.0209326881476246,"No"
0.223863061436879,"Yes"
0.00962307263958162,"No"
0.0147041034342128,"No"
0.0951427264721035,"Yes"
0.748351167452917,"Yes"
0.276807283081842,"No"
0.0482719678456724,"No"
0.0161715172206607,"No"
0.27920531034124,"Yes"
0.575905731163191,"Yes"
0.621170279927183,"Yes"
0.370891623434045,"Yes"
0.0953553941974812,"No"
0.00529256175627135,"No"
0.314762543143922,"No"
0.73505600787905,"Yes"
0.0116754880761081,"No"
0.00159320122617157,"No"
0.349127583822435,"No"
0.0727945434231115,"No"
0.330182155065446,"No"
0.509437007027393,"Yes"
0.549293134030692,"Yes"
0.574904348483056,"Yes"
0.124252047917398,"No"
0.73259581357013,"Yes"
0.00600650350655296,"No"
0.554817330614095,"Yes"
0.0529901538719061,"No"
0.0515245535455856,"No"
0.738626811190715,"No"
0.345980415660718,"No"
0.319099247043746,"Yes"
0.39291118373448,"No"
0.0327137771710173,"No"
0.0701282316243861,"No"
0.57080142624916,"Yes"
0.114863470690334,"No"
0.419159391855144,"No"
0.381464292475431,"No"
0.0672880444486312,"No"
0.476268991165163,"Yes"
0.288823323335443,"No"
0.28572770602176,"No"
0.00286743816430934,"No"
0.11280355510549,"No"
0.090771229929793,"No"
0.560536448139559,"No"
0.0350353605945212,"No"
0.221672387992311,"No"
0.133501798501955,"No"
0.233972829927133,"No"
0.447808577371967,"No"
0.743815821913091,"Yes"
0.732944736692088,"No"
0.738904034287148,"Yes"
0.692485816454377,"Yes"
0.460781567933028,"Yes"
0.0592436101143784,"No"
0.3976843931823,"Yes"
0.012650098929064,"No"
0.728531746434093,"Yes"
0.4298680663918,"No"
0.351763793374633,"Yes"
0.667175807945237,"Yes"
0.288233572884985,"No"
0.575917396638368,"Yes"
0.0664292123250682,"No"
0.00157904461506764,"No"
0.426613089758461,"No"
0.0731801579406588,"No"
0.00121287986562646,"No"
0.0951266161482981,"No"
0.192276212334735,"No"
0.0162098107332729,"No"
0.478517774457208,"No"
0.124345904239551,"No"
0.00119403974182186,"No"
0.621996939282518,"Yes"
0.0243596769416765,"No"
0.17276349910775,"No"
0.144731525477994,"Yes"
0.161563930128288,"Yes"
0.120996604529655,"No"
0.22303667289775,"No"
0.00689425415246492,"No"
0.713168810738278,"Yes"
0.643006882000424,"Yes"
0.370133458892346,"No"
0.0090950235488767,"No"
0.00942336129461874,"No"
0.00885264270896358,"No"
0.0145750016371526,"No"
0.56501607242024,"Yes"
0.00628747317952627,"No"
0.520243708338544,"No"
0.118010750441413,"Yes"
0.648566254534382,"Yes"
0.666963128441259,"Yes"
0.00206110136451809,"No"
0.00199544498089688,"No"
0.353361766499072,"No"
0.0353855003330357,"No"
0.107456474242556,"No"
0.377921862980811,"No"
0.13889729354775,"No"
0.0404710111563316,"No"
0.109980292127866,"No"
0.573654911698314,"No"
0.0886939022208473,"Yes"
0.519396547297995,"No"
0.611667256448848,"No"
0.2215885166128,"Yes"
0.279525792281792,"No"
0.126211360421178,"No"
0.00105846625201855,"No"
0.599673616641008,"Yes"
0.626010780479633,"Yes"
0.44115997465901,"No"
0.0161142819875926,"No"
0.0560601126434803,"No"
0.650060929976816,"Yes"
0.0147772797516413,"No"
0.341213999548455,"No"
0.0912358442520187,"No"
0.00206521525772141,"No"
0.0149169116891769,"No"
0.262704780311351,"No"
0.493861100701767,"Yes"
0.548214517639679,"No"
0.198017107954723,"Yes"
0.355226340965684,"No"
0.0105851891396898,"No"
0.0358559756393427,"No"
0.480004951166947,"No"
0.196159677583294,"No"
0.00210285290397616,"No"
0.0857484632005596,"No"
0.0308312111672361,"No"
0.0130864924403684,"No"
0.00757254967059307,"No"
0.00111231953530366,"No"
0.0127440642314883,"No"
0.255828261095254,"No"
0.0459459692732743,"No"
0.584161117579161,"Yes"
0.0667014391888335,"No"
0.0181508228991224,"No"
0.00467449677486209,"No"
0.0671351050801918,"No"
0.000976216777870853,"No"
0.0454440181637651,"No"
0.554644883925461,"Yes"
0.481792258474724,"Yes"
0.191593939251483,"Yes"
0.360962080187917,"No"
0.748351167452917,"Yes"
0.323398572817682,"No"
0.229113798968576,"No"
0.600336020962315,"Yes"
0.0811218698976998,"No"
0.0717897736280497,"No"
0.0588803377279595,"No"
0.00358889539575646,"No"
0.00967950333258738,"No"
0.197205025366219,"No"
0.00176583520360118,"No"
0.394363093347374,"No"
0.27730964753383,"No"
0.0177829187116678,"No"
0.346178257401869,"Yes"
0.0583142927340515,"No"
0.0585217027578344,"No"
0.0103162447147749,"No"
0.00604235689226773,"No"
0.565251622118645,"Yes"
0.0894376750518657,"No"
0.00100148774531428,"No"
0.293506033426681,"No"
0.543111225803676,"Yes"
0.353496837695623,"Yes"
0.17645856371444,"Yes"
0.101288591214312,"No"
0.328287312207548,"No"
0.476938584113077,"No"
0.00548712264650275,"No"
0.0237170556125648,"No"
0.01150032511229,"No"
0.236100224995247,"No"
0.0903972740853005,"No"
0.0104358692695471,"No"
0.136686321936272,"No"
0.00123135739534175,"No"
0.498650638320433,"No"
0.184332768672975,"No"
0.341341616212562,"Yes"
0.253276282915935,"No"
0.727661226438252,"Yes"
0.215624168229299,"Yes"
0.220862309892985,"No"
0.0721204924432981,"No"
0.0221465195505939,"No"
0.244956372947926,"Yes"
0.0154074550450063,"No"
0.442191837936242,"No"
0.019344569075442,"No"
0.660169025985123,"Yes"
0.530228980415243,"Yes"
0.00772568129488904,"No"
0.160242745983313,"No"
0.0150810200305774,"No"
0.416837164006904,"Yes"
0.0198049591220459,"No"
0.0508536850491679,"No"
0.748113990916892,"Yes"
0.40555855294128,"No"
0.0233760468493996,"No"
0.290218824159223,"No"
0.547084408063798,"Yes"
0.254095059825835,"Yes"
0.68996558567334,"No"
0.0778432098019604,"No"
0.0720295654507642,"No"
0.514529710300759,"No"
0.445880957220189,"No"
0.184851862863573,"No"
0.446718019202246,"No"
0.309096006944197,"No"
0.017788333167935,"No"
0.402139353930583,"No"
0.556155370697818,"Yes"
0.0113643538545021,"No"
0.00307060252343372,"No"
0.00932194780383666,"No"
0.51424607376105,"No"
0.00898540672830062,"No"
0.123737950778638,"No"
0.00643887557914613,"No"
0.00228587827457793,"No"
0.183975181804167,"No"
0.410916544681705,"No"
0.589167206986104,"No"
0.139044251500886,"No"
0.329487451130934,"No"
0.61608230322403,"Yes"
0.697247825499435,"Yes"
0.0125281482246768,"No"
0.216464514332242,"No"
0.00163700347134288,"No"
0.0685970421026714,"No"
0.00284113996385338,"No"
0.42621251161875,"No"
0.0248838866648169,"No"
0.409952562909189,"No"
0.75696141937742,"Yes"
0.0654372972579046,"No"
0.0676475309089885,"No"
0.0134981666329934,"No"
0.56102053037684,"Yes"
0.684616603890857,"Yes"
0.00643420434240694,"No"
0.0941648877879098,"No"
0.0928158960198738,"No"
0.0160861065017914,"No"
0.0872224190647259,"Yes"
0.03342190032157,"No"
0.73153425103135,"Yes"
0.0726456687506375,"No"
0.361569453454512,"Yes"
0.256388685241643,"Yes"
0.0116815221253246,"No"
0.677470146759704,"No"
0.733655916324784,"No"
0.0941801099902086,"No"
0.685976288087803,"Yes"
0.375706533253884,"No"
0.205991946969003,"Yes"
0.101552919632751,"No"
0.620702853154126,"Yes"
0.0897624057678802,"No"
0.242108647582015,"No"
0.0665281364181226,"No"
0.615158668152864,"No"
0.103859236283885,"No"
0.476641921866369,"No"
0.0743433402601512,"No"
0.490010169489714,"No"
0.70428165978847,"Yes"
0.0339846584268328,"Yes"
0.0691535634903272,"No"
0.356153172689559,"Yes"
0.0176105916141893,"No"
0.15659806038874,"No"
0.59392100451679,"Yes"
0.613675877694994,"Yes"
0.699496759667824,"No"
0.0638017598128183,"No"
0.770475244215202,"No"
0.245784761926567,"No"
0.106254899697106,"No"
0.190053133358328,"No"
0.487458849280681,"Yes"
0.00167449412290988,"No"
0.245290626071945,"No"
0.00209519123443069,"No"
0.268288057232426,"Yes"
0.265419780452151,"Yes"
0.0233946786583774,"No"
0.281726043362469,"No"
0.0435516355052585,"No"
0.0536340861156179,"Yes"
0.689196245304588,"No"
0.00160867833848566,"No"
0.279629925204558,"No"
0.0263139051876448,"No"
0.0540464405466868,"No"
0.0669257846924123,"No"
0.129949836984994,"No"
0.273646251679697,"No"
0.111251109684609,"No"
0.427617723023684,"Yes"
0.014619609765224,"No"
0.127313238701975,"No"
0.401048655454828,"No"
0.430616217414022,"No"
0.20412246430276,"No"
0.220686489121968,"No"
0.205058083551218,"No"
0.0435443159378698,"No"
0.0299207811791138,"No"
0.00908547632396739,"No"
0.620042599380879,"No"
0.0018237726227015,"No"
0.0197405974865641,"No"
0.504008044828587,"Yes"
0.244041020458118,"No"
0.0206316511616049,"No"
0.28948822257309,"No"
0.555510470935095,"Yes"
0.394052733307485,"No"
0.174754713292548,"Yes"
0.294261988115249,"No"
0.205165246061795,"No"
0.00446769369295963,"No"
0.0248554106052604,"No"
0.152012417684805,"No"
0.703954295708039,"Yes"
0.573305583970223,"No"
0.00128639842858014,"No"
0.288215622323922,"No"
0.183099298773204,"No"
0.0111924897850921,"No"
0.0226267756737222,"No"
0.492055972211944,"No"
0.111920980493016,"Yes"
0.516225677505575,"Yes"
0.275148182574612,"No"
0.223249577467203,"No"
0.086230326876659,"Yes"
0.552825136096628,"Yes"
0.0922556475004931,"Yes"
0.1829129793814,"No"
0.720779613565802,"No"
0.734912475278895,"Yes"
0.265197889176085,"No"
0.594126678736967,"Yes"
0.201595019874464,"Yes"
0.59997459954071,"Yes"
0.0971968425271522,"Yes"
0.0133378562157602,"No"
0.0352194785675686,"No"
0.347785571658804,"No"
0.664608146093782,"No"
0.11212867433347,"No"
0.0221133350119875,"No"
0.553478470864393,"No"
0.085008442493524,"No"
0.00149736318577998,"No"
0.577440691207252,"Yes"
0.0602108421570167,"No"
0.314831753172985,"Yes"
0.476650171662543,"No"
0.0230392660688152,"No"
0.266609512027414,"Yes"
0.00674231223485844,"No"
0.108497836694736,"No"
0.411291763190762,"No"
0.0101471241330667,"No"
0.409592939574757,"Yes"
0.178824777102557,"No"
0.175671501366177,"No"
0.00197751793872958,"No"
0.601921365691229,"No"
0.428489160680805,"Yes"
0.008772709094227,"No"
0.02815741803561,"No"
0.250814336960541,"No"
0.408917655529743,"No"
0.069828647939962,"No"
0.482483015388651,"Yes"
0.0172027661963091,"No"
0.00192621541033589,"No"
0.235741803582445,"Yes"
0.00125614554016529,"No"
0.0212573956440129,"No"
0.60658177376653,"No"
0.246806571451919,"No"
0.0587653214897306,"Yes"
0.538842706351082,"No"
0.0618860497642775,"No"
0.555701608824306,"No"
0.300738324889664,"No"
0.022334492257159,"No"
0.139170549812553,"No"
0.421012753786842,"Yes"
0.775402747635024,"Yes"
0.0327229391974126,"No"
0.0984255701965928,"No"
0.434380356231361,"Yes"
0.243038423325263,"No"
0.220946379743167,"No"
0.0727410750789412,"No"
0.19189076307708,"No"
0.51259614899891,"No"
0.126624855023837,"No"
0.557297314647284,"Yes"
0.619518915114134,"Yes"
0.191371551369296,"Yes"
0.195461327924494,"No"
0.269311106020682,"No"
0.258720738873491,"No"
0.703126745496656,"No"
0.432555055024663,"No"
0.068515483834228,"No"
0.299758400643186,"No"
0.471659362873599,"Yes"
0.433744207819687,"Yes"
0.00189305663061357,"No"
0.469381271110953,"No"
0.0840987912541972,"No"
0.385859760273739,"No"
0.0969540399955945,"Yes"
0.239990307732995,"No"
0.00170337558351497,"No"
0.371388158261872,"Yes"
0.560078767403321,"No"
0.151699808351744,"No"
0.243718691307202,"No"
0.377419134163324,"No"
0.654421961354893,"Yes"
0.0170294811101211,"No"
0.0108548871644756,"No"
0.447392748094741,"Yes"
0.301474754269261,"No"
0.0835572313349086,"No"
0.0338999831662796,"No"
0.0138609412030196,"No"
0.654250455681215,"No"
0.0482382466742803,"No"
0.00350828404624981,"No"
0.44939895065191,"No"
0.403509933354229,"Yes"
0.328878601173641,"No"
0.222543204056139,"No"
0.16710676958026,"No"
0.166171711388123,"No"
0.792525263667856,"Yes"
0.548481845653711,"Yes"
0.129504566450057,"No"
0.692126267724232,"No"
0.0311430098258773,"No"
0.0856416849005884,"No"
0.265927034081704,"Yes"
0.667441561571097,"No"
0.255555658822618,"No"
0.65415628603442,"Yes"
0.171227528537594,"No"
0.440079945614895,"Yes"
0.617727392479247,"Yes"
0.0264299232065185,"No"
0.0331599897269157,"No"
0.284391688240383,"Yes"
0.654343290404808,"Yes"
0.0658475423717357,"No"
0.560491643002614,"Yes"
0.0170321889857272,"No"
0.603110037796011,"Yes"
0.388534073618618,"Yes"
0.761947196626927,"Yes"
0.145559375948478,"No"
0.0471073513701791,"No"
0.634371699807321,"No"
0.00544940608981548,"No"
0.0224637681545988,"No"
0.474470393178164,"Yes"
0.0416543913045884,"No"
0.243153129031996,"No"
0.748441328651667,"Yes"
0.274586249533923,"No"
0.104805162633827,"No"
0.182428616156179,"No"
0.0130204688134213,"No"
0.573884818196227,"Yes"
0.017944960468855,"No"
0.244609591837093,"No"
0.524441103006749,"No"
0.152977964160022,"No"
0.00305679317469587,"No"
0.3464519400419,"No"
0.552355610159891,"Yes"
0.40048867609175,"Yes"
0.016723482483761,"No"
0.0950549743161725,"No"
0.439195245829354,"No"
0.0117457147810587,"No"
0.277609212919986,"No"
0.49025437029741,"No"
0.131030878633115,"Yes"
0.0493393497441614,"No"
0.093722767789695,"No"
0.624824953852629,"No"
0.0182802459625456,"No"
0.71747647518644,"Yes"
0.0703684827565029,"No"
0.758841435329746,"Yes"
0.45838758074747,"No"
0.253958957603953,"No"
0.0935407394794309,"No"
0.0889424896098954,"Yes"
0.725186432491471,"No"
0.617397804827098,"Yes"
0.447835083849239,"Yes"
0.541685099873569,"No"
0.0102252070150739,"No"
0.0421528083896239,"No"
0.0104107478818722,"No"
0.0485598404151367,"No"
0.343902522250396,"No"
0.613721745072106,"Yes"
0.109997302181095,"No"
0.385364654214706,"Yes"
0.617652104396232,"No"
0.00593093976162007,"No"
0.00221627989171991,"No"
0.0451381096872343,"No"
0.0162670836196648,"No"
0.400351211365769,"No"
0.480155885714612,"Yes"
0.749071856341133,"Yes"
0.0654389408959494,"No"
0.393451420618742,"No"
0.0286436785023311,"No"
0.34556581741651,"No"
0.724589261741762,"No"
0.655366720660211,"Yes"
0.35235944962254,"No"
0.634149552823652,"Yes"
0.0369849644576815,"No"
0.490188287721193,"No"
0.225930686016052,"No"
0.738783470576724,"Yes"
0.0219322901254192,"No"
0.381120628670192,"No"
0.619585399800546,"Yes"
0.0995204575170303,"No"
0.553907584280971,"Yes"
0.394098409468324,"No"
0.383338036594293,"No"
0.101310962804399,"Yes"
0.714374476623809,"No"
0.658072155458422,"No"
0.090219931759041,"Yes"
0.152299589025054,"No"
0.440390279464793,"No"
0.0859132110413232,"No"
0.0152832781986568,"No"
0.0798735177807384,"No"
0.0475426665872196,"No"
0.00260191299246793,"No"
0.00166765909972921,"No"
0.442214348663448,"Yes"
0.0278654721231087,"No"
0.00224877954768044,"No"
0.551282656338264,"Yes"
0.455263264893466,"No"
0.337722179452643,"No"
0.236271451907984,"No"
0.0159500185997135,"No"
0.0551976900103702,"No"
0.454873582678228,"Yes"
0.0344098434309827,"No"
0.554705783072526,"No"
0.0714752862207015,"No"
0.109644654950873,"No"
0.537986780292107,"Yes"
0.434202181588784,"No"
0.0518322718841372,"No"
0.015173572967444,"No"
0.0309076434696401,"No"
0.343292103628978,"Yes"
0.0143805849289895,"No"
0.136671680251142,"Yes"
0.0581214718771372,"No"
0.219278461380598,"No"
0.779226760344176,"Yes"
0.638850588963831,"Yes"
0.308100164763986,"No"
0.481108325298459,"Yes"
0.534842523735796,"Yes"
0.0403176887556443,"No"
0.444688372636186,"No"
0.740223166076585,"Yes"
0.00133363259895058,"No"
0.324165769269617,"No"
0.0613108618376583,"No"
0.540114446934494,"Yes"
0.0662311523445234,"No"
0.504516911683037,"No"
0.00114183425616554,"No"
0.708652301784949,"Yes"
0.190288042100881,"Yes"
0.00956313706883749,"No"
0.0722717921575444,"No"
0.785954625816247,"Yes"
0.649647482440593,"Yes"
0.641752733800569,"Yes"
0.0551502336297948,"No"
0.335640646815028,"Yes"
0.0559541279391863,"No"
0.00196215040457759,"No"
0.0175038853048252,"No"
0.280305885824351,"No"
0.258185367678472,"No"
0.0175584759102606,"No"
0.668006104024365,"No"
0.541213888809977,"No"
0.748621586701599,"Yes"
0.690117076760495,"Yes"
0.254049687075389,"No"
0.113009227049494,"No"
0.265337939359866,"No"
0.00275757509483721,"No"
0.30958512931408,"No"
0.287775133428196,"No"
0.00346768195318659,"No"
0.0821883906869291,"Yes"
0.254049687075389,"Yes"
0.305513166054485,"No"
0.137303233739596,"No"
0.0278519536623746,"No"
0.0376956009408073,"No"
0.0818020412942299,"Yes"
0.553853582220563,"Yes"
0.338970692914826,"No"
0.0168467425737195,"No"
0.558811904926758,"No"
0.651258128101679,"Yes"
0.0948071604745713,"No"
0.217643406316713,"No"
0.00102403320122291,"No"
0.131921905497647,"No"
0.717155591938615,"Yes"
0.00143186408810958,"No"
0.343325509552283,"No"
0.265697130657958,"Yes"
0.0219159987524151,"No"
0.378911620512168,"Yes"
0.76368200051964,"No"
0.164095737228961,"Yes"
0.363560978521467,"No"
0.102934925849816,"No"
0.00450053058053768,"No"
0.338611092665325,"No"
0.441958302792278,"No"
0.740012032440837,"No"
0.39566081818454,"No"
0.00145277774365793,"No"
0.398971011694484,"No"
0.669848238197804,"No"
0.0843568510795765,"No"
0.00345397795789315,"No"
0.255094611397172,"Yes"
0.488985801899212,"No"
0.293068045668572,"No"
0.027761778296725,"No"
0.448674061945324,"No"
0.167368230424485,"No"
0.295649851660826,"No"
0.00703404103211303,"No"
0.246898000124928,"No"
0.128385946396,"No"
0.126336561126691,"No"
0.280596559217114,"No"
0.178449368933593,"No"
0.312906423159875,"No"
0.0105256558050101,"No"
0.121662877983746,"No"
0.0291493555432141,"No"
0.0467647947065175,"No"
0.00853724373522158,"No"
0.774330522006474,"Yes"
0.664503531787536,"Yes"
0.168095490336181,"No"
0.63585770925118,"Yes"
0.409234958175218,"No"
0.145701807770219,"No"
0.538296975785874,"No"
0.0159679130667567,"No"
0.34246243243071,"Yes"
0.269975514345729,"No"
0.256996758878936,"No"
0.00402904308166374,"No"
0.0179518348569857,"No"
0.0105628379050715,"No"
0.379151263261282,"Yes"
0.0103635368136491,"No"
0.174933789835255,"No"
0.538127620585068,"No"
0.551468658932137,"Yes"
0.350438914971578,"No"
0.214403846998524,"No"
0.404032778543646,"Yes"
0.336820616176817,"No"
0.332610401202488,"No"
0.591301404512065,"Yes"
0.233350191223339,"Yes"
0.164349320267063,"No"
0.0150161502696841,"No"
0.075719302601298,"No"
0.329417795246916,"No"
0.0671756615049081,"No"
0.2623592863022,"No"
0.13748110192396,"No"
0.00219581703770477,"No"
0.327641040980362,"No"
0.00556603421735868,"No"
0.513761265704823,"No"
0.703708611261247,"Yes"
0.737669817877052,"Yes"
0.63426063345601,"No"
0.114425740390169,"Yes"
0.0176042013495091,"No"
0.771846942595491,"Yes"
0.0570288039381321,"No"
0.161960830968441,"No"
0.315734147600671,"No"
0.737605922070391,"Yes"
0.589467256135269,"No"
0.439208024831645,"Yes"
0.176514717477335,"No"
0.606124470160873,"Yes"
0.461845115622925,"No"
0.418072652062233,"No"
0.25930216003182,"No"
0.153416120741358,"No"
0.333433960858263,"Yes"
0.00311933455284119,"No"
0.0143827491682889,"No"
0.0208995876785107,"No"
0.520655951501175,"Yes"
0.159864944046208,"No"
0.120635388313316,"Yes"
0.00279024452034171,"No"
0.561467970772385,"Yes"
0.00117682224294491,"No"
0.310866314379741,"No"
0.00294138661118037,"No"
0.506145513485144,"No"
0.0949881092245829,"No"
0.160517013912224,"No"
0.287296034416566,"No"
0.0284993103350484,"No"
0.404176474970032,"No"
0.59535304031836,"Yes"
0.201921627410316,"Yes"
0.0370231309780999,"No"
0.352850427444807,"No"
0.06700078048919,"No"
0.715891259326426,"Yes"
0.582965343025604,"Yes"
0.100885600079486,"No"
0.00155117814539063,"No"
0.0621319643035454,"No"
0.505599534722098,"Yes"
0.180889795069092,"No"
0.0660375702788867,"No"
0.150611265528171,"No"
0.43215650076473,"No"
0.0163273363859846,"No"
0.673462188273754,"Yes"
0.00331659812912477,"No"
0.0138338881050519,"No"
0.0545226220863985,"No"
0.743998260733171,"Yes"
0.463381970897756,"No"
0.00269677317786021,"No"
0.655145018999767,"No"
0.00594340273799554,"No"
0.140243793262654,"No"
0.442837320219669,"No"
0.629785099231675,"No"
0.368072277380091,"No"
0.606285478738648,"No"
0.234031115162642,"Yes"
0.720194721674735,"Yes"
0.547510077651752,"Yes"
0.183043228792132,"No"
0.0171255073003457,"No"
0.0391239831368819,"No"
0.424579029316433,"Yes"
0.179655423417632,"Yes"
0.208753098847113,"Yes"
0.00130038303530267,"No"
0.276734832497334,"No"
0.0582562784536884,"No"
0.0200226410431785,"No"
0.261705131172992,"Yes"
0.297696838207413,"Yes"
0.511378050674581,"No"
0.05039838087324,"No"
0.698331751510526,"No"
0.189299052694061,"No"
0.00107472008324094,"No"
0.0919251039676386,"No"
0.638898816887405,"No"
0.0377726618019708,"No"
0.283159689022142,"Yes"
0.516080869481439,"Yes"
0.0195119728985427,"No"
0.0823487007288425,"No"
0.0351091083513269,"No"
0.399218070083673,"Yes"
0.125990926947155,"No"
0.0255939978252162,"No"
0.526506315826451,"No"
0.259854623247331,"Yes"
0.134704766777069,"No"
0.108713488916782,"No"
0.166190129474291,"No"
0.698897118571461,"No"
0.0430540961298461,"No"
0.597912581481731,"No"
0.011334883132388,"No"
0.498893512215099,"Yes"
0.00454651939451511,"No"
0.00347821745690813,"No"
0.00131094119984709,"No"
0.686732608094846,"No"
0.668715694113823,"No"
0.00282225788859003,"No"
0.0447828206892009,"No"
0.0602720356030741,"No"
0.00113099080333412,"No"
0.0138886424703224,"No"
0.152096831253561,"No"
0.173255042787634,"No"
0.618435898269297,"Yes"
0.172406285259389,"No"
0.190779480505115,"No"
0.182553641403009,"No"
0.0870630203696864,"No"
0.319502219525643,"No"
0.00618015848065911,"No"
0.656971528585472,"Yes"
0.388185552453183,"No"
0.00116542650187768,"No"
0.173255596823747,"No"
0.703110163288757,"Yes"
0.17797367491441,"No"
0.0136201344334859,"No"
0.321428707183204,"No"
0.439055173832186,"No"
0.150650785714599,"No"
0.0556294336980088,"No"
0.100493178646634,"No"
0.345024593507998,"Yes"
0.0231806568131838,"No"
0.0390995182179474,"No"
0.0945360053305565,"Yes"
0.19189076307708,"No"
0.101992789419783,"No"
0.490831664472117,"Yes"
0.483035719544296,"Yes"
0.342244189355941,"No"
0.166901667010148,"Yes"
0.714502721260511,"Yes"
0.0226424077853281,"No"
0.332324104456171,"No"
0.00807956996180048,"No"
0.641410471842236,"Yes"
0.524903866740066,"No"
0.129439966670589,"No"
0.675320759273704,"Yes"
0.369057100491015,"Yes"
0.641468958373442,"No"
0.435390022698951,"Yes"
0.122728952197269,"No"
0.365668931335084,"No"
0.507576194300808,"No"
0.17416204763675,"No"
0.0142678886896582,"No"
0.133795984600008,"No"
0.789318541951896,"Yes"
0.352682106234896,"No"
0.69362987132383,"Yes"
0.191075340780368,"No"
0.00149037010621567,"No"
0.0650572543083905,"No"
0.572932570926408,"No"
0.0248515739248633,"No"
0.46419458321221,"No"
0.716500238156243,"Yes"
0.106884977841026,"No"
0.0646107499773172,"No"
0.43477526678264,"No"
0.2870562245688,"No"
0.362614429644008,"Yes"
0.0104121590384835,"No"
0.651241186733992,"Yes"
0.0129511251572905,"No"
0.184484653255694,"No"
0.283159689022142,"Yes"
0.119607039597489,"No"
0.60392315803593,"Yes"
0.472992550749863,"Yes"
0.276958467799339,"No"
0.232655121845788,"Yes"
0.00221046978323558,"No"
0.654480472914061,"Yes"
0.0316675099884679,"No"
0.175100247474299,"Yes"
0.0731662518858716,"No"
0.56790855559043,"No"
0.697566156808875,"Yes"
0.475436912189784,"No"
0.61603585128668,"Yes"
0.545799308471812,"No"
0.0919792375848455,"No"
0.085927842113743,"No"
0.479402388944103,"No"
0.0270560590309534,"No"
0.521763186846188,"No"
0.585629423224243,"Yes"
0.267960929524057,"No"
0.00588878747456245,"No"
0.0903887450201108,"No"
0.0010260932724403,"No"
0.0138429155399378,"No"
0.00321120793842344,"No"
0.00243129034033185,"No"
0.272528093295028,"No"
0.681685290806518,"No"
0.512905454647069,"No"
0.0134970976927982,"No"
0.330394657229206,"Yes"
0.00233853339232792,"No"
0.0437761234853279,"No"
0.0660094061204947,"No"
0.646213768522077,"Yes"
0.59112074418254,"Yes"
0.287064182468111,"No"
0.731006675046754,"Yes"
0.436436011552694,"Yes"
0.291286773816737,"No"
0.004409897028261,"No"
0.167024747852581,"No"
0.199459057230261,"No"
0.208873933468898,"Yes"
0.114650987080652,"No"
0.11800146225956,"No"
0.275313590908485,"Yes"
0.70304773294686,"Yes"
0.191075340780368,"Yes"
0.139632033397667,"No"
0.275744407397206,"No"
0.0680357778100514,"No"
0.0096817650376495,"No"
0.284612611705709,"No"
0.726145085915852,"Yes"
0.556086306426724,"No"
0.0416829986697945,"No"
0.284960823706497,"No"
0.201160282183581,"No"
0.141623601531075,"No"
0.195598544940514,"No"
0.00268087335739264,"No"
0.214316420372916,"No"
0.00801409203297043,"No"
0.0367331608591122,"No"
0.0266918320634288,"No"
0.0640383833504683,"No"
0.209666592075108,"No"
0.0611980370543139,"No"
0.323137026743907,"No"
0.13028020085967,"No"
0.106929635904322,"No"
0.00413900705369596,"No"
0.365849058976919,"No"
0.422363417612741,"Yes"
0.3685960473927,"Yes"
0.508991991298949,"No"
0.740955637909543,"No"
0.184017279565938,"No"
0.438723563542079,"Yes"
0.0197327258946984,"No"
0.09399737022807,"No"
0.652641344158641,"Yes"
0.0503004884650347,"No"
0.223760549491009,"No"
0.00119674054160546,"No"
0.223970419290377,"No"
0.131410706680577,"No"
0.133006392182216,"No"
0.307045183843397,"Yes"
0.488847459632699,"Yes"
0.00580590313073293,"No"
0.228402192939331,"No"
0.056890826309097,"No"
0.489621801613349,"No"
0.739826737055881,"Yes"
0.475923355907231,"Yes"
0.246555409428159,"No"
0.665992273009062,"Yes"
0.347142389246463,"No"
0.412107883303278,"Yes"
0.0102584946502845,"No"
0.0782297914341109,"No"
0.206827026165583,"Yes"
0.328833393396522,"No"
0.0631101366495329,"No"
0.209588378020286,"Yes"
0.372705727015926,"Yes"
0.3457507466572,"No"
0.105398245756269,"No"
0.00469880978302739,"No"
0.0211499543271008,"No"
0.672046479365049,"Yes"
0.174118068047381,"No"
0.201476675349838,"No"
0.0124034029979219,"No"
0.0417764431315364,"No"
0.0630644844135534,"No"
0.165550487063334,"No"
0.131200599686531,"No"
0.419444134114447,"No"
0.0621649955685998,"No"
0.0123548460681743,"No"
0.182209160022606,"Yes"
0.310364181507842,"No"
0.179699439783663,"No"
0.125891784249005,"No"
0.0148572195074385,"No"
0.160574285251324,"No"
0.0307226670085502,"No"
0.0682072398670709,"No"
0.598947041327905,"Yes"
0.00119739983016742,"No"
0.173284885745383,"Yes"
0.585233933412953,"No"
0.00155288920700569,"No"
0.739918890967747,"Yes"
0.64725519937856,"No"
0.351029759263961,"No"
0.450072053074375,"No"
0.480558411498796,"No"
0.215515428868785,"No"
0.0448563324250144,"No"
0.690133286057687,"No"
0.767342036486858,"Yes"
0.00160721238497741,"No"
0.528553466183659,"Yes"
0.586739554391327,"Yes"
0.0130285254311392,"No"
0.162040288264902,"No"
0.0180106084853342,"No"
0.0136661576551308,"No"
0.0479576941113782,"No"
0.10905714965244,"No"
0.493188194893711,"No"
0.549585630332227,"No"
0.153715034841318,"No"
0.031977706259989,"No"
0.191556860915875,"No"
0.101365173622126,"No"
0.470896527137407,"No"
0.373027227670742,"Yes"
0.598686042974561,"No"
0.032333247017997,"No"
0.0215819562521663,"No"
0.440302765035589,"Yes"
0.5533328286643,"Yes"
0.287234881218339,"No"
0.448702385709826,"Yes"
0.337789528240375,"Yes"
0.678593339733712,"Yes"
0.0187212886427077,"No"
0.250029309974103,"No"
0.274632435267181,"Yes"
0.10050257475466,"No"
0.446215436224246,"Yes"
0.470422534128006,"Yes"
0.32686838620257,"No"
0.382824827250252,"No"
0.0605984140383805,"No"
0.132741172095329,"No"
0.0379645654940723,"No"
0.0435490541253449,"No"
0.0530391182394078,"No"
0.296456487532,"No"
0.133652264730176,"Yes"
0.1746416099367,"No"
0.454031748446295,"No"
0.0664692392487235,"No"
0.428184926041921,"No"
0.152682144542824,"No"
0.393053035620227,"No"
0.0187700928240991,"No"
0.154092695522968,"No"
0.00230583051547173,"No"
0.0632666715530675,"No"
0.225765874281617,"No"
0.152255438056035,"No"
0.00344147814025575,"No"
0.738598621164331,"Yes"
0.278871656297322,"No"
0.0687791429699065,"No"
0.144520543488491,"No"
0.0564190123655289,"No"
0.164992990097671,"No"
0.11538299533099,"No"
0.00388803891182166,"No"
0.214869380559049,"No"
0.191297465875856,"No"
0.707602265856945,"Yes"
0.404227158952838,"No"
0.354215068083747,"No"
0.163236071837896,"No"
0.00490980930938056,"No"
0.0190749094889056,"Yes"
0.0132604918607723,"No"
0.0446568781948961,"No"
0.589464803886148,"No"
0.529601726390563,"No"
0.653659794260965,"Yes"
0.259851181514946,"No"
0.108656528889341,"No"
0.278167804295369,"Yes"
0.0220614456241831,"No"
0.00305851105191535,"No"
0.0295947774825001,"No"
0.113139957275088,"Yes"
0.088574271337505,"No"
0.544341033859296,"Yes"
0.55139081026188,"No"
0.0013844183217615,"No"
0.0823222353023272,"Yes"
0.00258101511744258,"No"
0.0101650250484696,"Yes"
0.299121522840899,"No"
0.521461737708955,"No"
0.172030008503502,"No"
0.541843813450218,"No"
0.224331289386255,"No"
0.7479903082287,"Yes"
0.22614424966415,"No"
0.029124922380187,"No"
0.0286175069987457,"No"
0.10441073500642,"No"
0.743485517963669,"Yes"
0.490887235519315,"Yes"
0.309829597300808,"No"
0.396371198046334,"No"
0.611802706038874,"Yes"
0.540456509042972,"Yes"
0.724620836539131,"Yes"
0.00154535767680242,"No"
0.0989382947757473,"No"
0.0191346878243664,"No"
0.703211821942804,"Yes"
0.421996205863171,"No"
0.65385514999904,"Yes"
0.596551058859772,"No"
0.0749683379936572,"No"
0.192171152551998,"No"
0.352965743036534,"Yes"
0.139078377712946,"No"
0.238248460311536,"No"
0.0157822222119514,"No"
0.356565268372556,"Yes"
0.0992477005903311,"No"
0.0709357639757654,"No"
0.0387129474247098,"No"
0.26631127655196,"No"
0.0421681717975768,"No"
0.67645865643655,"Yes"
0.0126649396784302,"No"
0.234340456101493,"No"
0.0352948639737554,"Yes"
0.598406249368266,"No"
0.0358600884648408,"No"
0.620421063729901,"Yes"
0.0408435001443593,"No"
0.0167224335053711,"No"
0.0993524463740693,"No"
0.398445223811325,"Yes"
0.0052745020548709,"No"
0.584616839292895,"Yes"
0.394677719813373,"Yes"
0.0315217233852335,"No"
0.594990054676853,"Yes"
0.285320934660096,"Yes"
0.282045964527568,"No"
0.387031662167068,"Yes"
0.00857295623860366,"No"
0.310847536793135,"No"
0.230736041326168,"Yes"
0.21703651872735,"No"
